0,"[[0.25626179 0.25683918 0.12276026 ... 0.65954683 0.30720663 0.94973231]
 [0.14583983 0.55976248 0.95421027 ... 0.96646791 0.53379354 0.86845462]
 [0.85185145 0.26165421 0.40923749 ... 0.67611387 0.62049995 0.57419838]
 ...
 [0.60941256 0.87926627 0.17303651 ... 0.21615916 0.18544832 0.73726194]
 [0.41279511 0.64457335 0.11813488 ... 0.42040168 0.75470043 0.86143242]
 [0.92830901 0.94048076 0.09798419 ... 0.58174409 0.99828255 0.86506756]]"
1,"[[0.77451872 0.40780083 0.35090793 ... 0.02397405 0.76883985 0.78692885]
 [0.4254035  0.74675951 0.75173053 ... 0.23983527 0.64331347 0.66529983]
 [0.63562846 0.7985563  0.97775322 ... 0.53292399 0.49384803 0.3175659 ]
 ...
 [0.96564414 0.6396429  0.66834726 ... 0.07676418 0.5240738  0.58815115]
 [0.46819366 0.06327212 0.20079033 ... 0.1594956  0.14323474 0.09392489]
 [0.66224706 0.82986392 0.82135157 ... 0.42356879 0.97971727 0.27877228]]"
